_id,user_id,PARTICIPANT_ID,STUDY_ID,STUDY_NAME,STUDY_VERSION,SURVEY_ID,SURVEY_NAME,TRIGGER,START_END,CREATED_TS,SCHEDULED_TS,STARTED_TS,COMPLETED_TS,EXPIRED_TS,UPLOADED_TS,TOTAL_RT,RAND_PROB,PLACE,PLACE_RT,OTHER,OTHER_RT,MOOD,MOOD_RT,STEPS,STEPS_RT
62cc7d568e3d174ffc0fbbb9,621e2f9167b776a240011ccb,s801206794,uk96OixJ-,RAIS Consortium Experiment v2.0,5,BjTcu3Lg-,Context and Mood Survey,scheduled,1,2021-11-26T20:07:00,2021-11-26T20:02:00,2021-11-26T20:07:00,2021-11-26T20:07:00,,2021-11-26T20:07:00,3942,<no-response>,HOME,2850,<not-shown>,<not-shown>,TIRED,1092,<no-response>,<no-response>
62cc7d568e3d174ffc0fbbd1,621e2f9167b776a240011ccb,s801206794,uk96OixJ-,RAIS Consortium Experiment v2.0,5,BjTcu3Lg-,Context and Mood Survey,scheduled,1,2021-12-19T22:41:00,2021-12-19T22:27:00,2021-12-19T22:41:00,2021-12-19T22:42:00,,2021-12-19T22:42:00,5275,<no-response>,HOME,1804,<not-shown>,<not-shown>,RESTED/RELAXED,3471,<no-response>,<no-response>
62cc7d568e3d174ffc0fbc4f,621e2f9167b776a240011ccb,s801206794,uk96OixJ-,RAIS Consortium Experiment v2.0,5,BjTcu3Lg-,Context and Mood Survey,scheduled,1,2021-11-22T10:59:00,2021-11-22T10:49:00,2021-11-22T10:59:00,2021-11-22T10:59:00,,2021-11-22T10:59:00,4157,<no-response>,WORK/SCHOOL,2571,<not-shown>,<not-shown>,TENSE/ANXIOUS,1586,<no-response>,<no-response>
62cc7d568e3d174ffc0fbcaa,621e2f9167b776a240011ccb,s801206794,uk96OixJ-,RAIS Consortium Experiment v2.0,5,BjTcu3Lg-,Context and Mood Survey,scheduled,1,2021-12-31T15:46:00,2021-12-31T15:15:00,2021-12-31T15:46:00,2021-12-31T15:46:00,,2021-12-31T15:46:00,5270,<no-response>,ENTERTAINMENT,2346,<not-shown>,<not-shown>,HAPPY,2924,<no-response>,<no-response>
62cc7d568e3d174ffc0fbd0b,621e2f9167b776a240011ccb,s801206794,uk96OixJ-,RAIS Consortium Experiment v2.0,5,BjTcu3Lg-,Context and Mood Survey,scheduled,1,2021-12-16T18:08:00,2021-12-16T15:23:00,2021-12-16T18:08:00,2021-12-16T18:08:00,,2021-12-16T18:08:00,15110,<no-response>,HOME_OFFICE,9997,<not-shown>,<not-shown>,TIRED,5113,<no-response>,<no-response>
62cc7d568e3d174ffc0fbd3f,621e2f9167b776a240011ccb,s801206794,uk96OixJ-,RAIS Consortium Experiment v2.0,5,BjTcu3Lg-,Context and Mood Survey,scheduled,1,2021-12-23T21:04:00,2021-12-23T20:51:00,2021-12-23T21:04:00,2021-12-23T21:04:00,,2021-12-23T21:04:00,3023,<no-response>,HOME,1822,<not-shown>,<not-shown>,TIRED,1201,<no-response>,<no-response>
62cc7d568e3d174ffc0fbd5f,621e2f9167b776a240011ccb,s801206794,uk96OixJ-,RAIS Consortium Experiment v2.0,5,BjTcu3Lg-,Context and Mood Survey,scheduled,1,2021-11-15T20:21:00,2021-11-15T20:21:00,2021-11-15T20:21:00,2021-11-15T20:21:00,,2021-11-15T20:21:00,12012,<no-response>,HOME,5172,<not-shown>,<not-shown>,RESTED/RELAXED,6840,<no-response>,<no-response>
62cc7d568e3d174ffc0fbd65,621e2f9167b776a240011ccb,s801206794,uk96OixJ-,RAIS Consortium Experiment v2.0,5,BjTcu3Lg-,Context and Mood Survey,scheduled,1,2021-11-29T11:04:00,2021-11-29T10:44:00,2021-11-29T11:04:00,2021-11-29T11:04:00,,2021-11-29T11:04:00,11554,<no-response>,WORK/SCHOOL,6913,<not-shown>,<not-shown>,ALERT,4641,<no-response>,<no-response>
62cc7d568e3d174ffc0fbdb0,621e2f9167b776a240011ccb,s801206794,uk96OixJ-,RAIS Consortium Experiment v2.0,5,BjTcu3Lg-,Context and Mood Survey,scheduled,1,2021-12-01T13:50:00,2021-12-01T10:41:00,2021-12-01T13:50:00,2021-12-01T13:50:00,,2021-12-01T13:50:00,9034,<no-response>,TRANSIT,2819,<not-shown>,<not-shown>,NEUTRAL,6215,<no-response>,<no-response>
62cc7d568e3d174ffc0fbdc6,621e2f9167b776a240011ccb,s801206794,uk96OixJ-,RAIS Consortium Experiment v2.0,5,BjTcu3Lg-,Context and Mood Survey,scheduled,1,2021-11-24T20:59:00,2021-11-24T20:59:00,2021-11-24T20:59:00,2021-11-24T20:59:00,,2021-11-24T20:59:00,3964,<no-response>,HOME_OFFICE,2764,<not-shown>,<not-shown>,TIRED,1200,<no-response>,<no-response>
62cc7d568e3d174ffc0fbec3,621e2f9167b776a240011ccb,s801206794,uk96OixJ-,RAIS Consortium Experiment v2.0,5,BjTcu3Lg-,Context and Mood Survey,scheduled,1,2021-12-12T22:20:00,2021-12-12T22:19:00,2021-12-12T22:20:00,2021-12-12T22:20:00,,2021-12-12T22:20:00,3393,<no-response>,HOME,2181,<not-shown>,<not-shown>,TIRED,1212,<no-response>,<no-response>
62cc7d568e3d174ffc0fbed0,621e2f9167b776a240011ccb,s801206794,uk96OixJ-,RAIS Consortium Experiment v2.0,5,BjTcu3Lg-,Context and Mood Survey,scheduled,1,2021-12-09T15:33:00,2021-12-09T15:33:00,2021-12-09T15:33:00,2021-12-09T15:33:00,,2021-12-09T15:33:00,3066,<no-response>,HOME,1679,<not-shown>,<not-shown>,TIRED,1387,<no-response>,<no-response>
62cc7d568e3d174ffc0fbede,621e2f9167b776a240011ccb,s801206794,uk96OixJ-,RAIS Consortium Experiment v2.0,5,BjTcu3Lg-,Context and Mood Survey,scheduled,1,2021-12-18T13:04:00,2021-12-18T12:54:00,2021-12-18T13:04:00,2021-12-18T13:04:00,,2021-12-18T13:04:00,4617,<no-response>,HOME_OFFICE,1889,<not-shown>,<not-shown>,NEUTRAL,2728,<no-response>,<no-response>
62cc7d568e3d174ffc0fbf2e,621e2f9167b776a240011ccb,s801206794,uk96OixJ-,RAIS Consortium Experiment v2.0,5,BjTcu3Lg-,Context and Mood Survey,scheduled,1,2022-01-14T11:30:00,2022-01-14T10:23:00,2022-01-14T11:30:00,2022-01-14T11:30:00,,2022-01-14T11:30:00,3992,<no-response>,WORK/SCHOOL,2602,<not-shown>,<not-shown>,TENSE/ANXIOUS,1390,<no-response>,<no-response>
62cc7d568e3d174ffc0fbf30,621e2f9167b776a240011ccb,s801206794,uk96OixJ-,RAIS Consortium Experiment v2.0,5,BjTcu3Lg-,Context and Mood Survey,scheduled,1,2021-11-19T21:08:00,2021-11-19T20:36:00,2021-11-19T21:08:00,2021-11-19T21:08:00,,2021-11-19T21:08:00,7972,<no-response>,HOME,2947,<not-shown>,<not-shown>,NEUTRAL,5025,<no-response>,<no-response>
62cc7d568e3d174ffc0fbf8c,621e2f9167b776a240011ccb,s801206794,uk96OixJ-,RAIS Consortium Experiment v2.0,5,BjTcu3Lg-,Context and Mood Survey,scheduled,1,2022-01-07T13:25:00,2022-01-07T10:30:00,2022-01-07T13:25:00,2022-01-07T13:26:00,,2022-01-07T13:26:00,13601,<no-response>,TRANSIT,5572,<not-shown>,<not-shown>,ALERT,8029,<no-response>,<no-response>
62cc7d568e3d174ffc0fbf99,621e2f9167b776a240011ccb,s801206794,uk96OixJ-,RAIS Consortium Experiment v2.0,5,BjTcu3Lg-,Context and Mood Survey,scheduled,1,2022-01-02T12:24:00,2022-01-02T12:19:00,2022-01-02T12:24:00,2022-01-02T12:24:00,,2022-01-02T12:24:00,4152,<no-response>,HOME,2210,<not-shown>,<not-shown>,RESTED/RELAXED,1942,<no-response>,<no-response>
62cc7d568e3d174ffc0fbfd2,621e2f9167b776a240011ccb,s801206794,uk96OixJ-,RAIS Consortium Experiment v2.0,5,BjTcu3Lg-,Context and Mood Survey,scheduled,1,2021-11-28T00:25:00,2021-11-27T22:22:00,,,2021-11-28T00:22:00,,<no-response>,<no-response>,<no-response>,<no-response>,<no-response>,<no-response>,<no-response>,<no-response>,<no-response>,<no-response>
62cc7d568e3d174ffc0fc1ad,621e2f9167b776a240011ccb,s801206794,uk96OixJ-,RAIS Consortium Experiment v2.0,5,BjTcu3Lg-,Context and Mood Survey,scheduled,1,2022-01-01T23:43:00,2022-01-01T22:03:00,2022-01-01T23:43:00,2022-01-01T23:43:00,,2022-01-01T23:43:00,3908,<no-response>,HOME,2566,<not-shown>,<not-shown>,RESTED/RELAXED,1342,<no-response>,<no-response>
62cc7d568e3d174ffc0fc1bf,621e2f9167b776a240011ccb,s801206794,uk96OixJ-,RAIS Consortium Experiment v2.0,5,BjTcu3Lg-,Context and Mood Survey,scheduled,1,2021-12-09T15:00:00,2021-12-09T10:59:00,,,2021-12-09T14:59:00,,<no-response>,<no-response>,<no-response>,<no-response>,<no-response>,<no-response>,<no-response>,<no-response>,<no-response>,<no-response>
62cc7d568e3d174ffc0fc2a0,621e2f9167b776a240011ccb,s801206794,uk96OixJ-,RAIS Consortium Experiment v2.0,5,BjTcu3Lg-,Context and Mood Survey,scheduled,1,2021-11-17T20:35:00,2021-11-17T20:30:00,2021-11-17T20:35:00,2021-11-17T20:35:00,,2021-11-17T20:35:00,6268,<no-response>,HOME_OFFICE,2538,<not-shown>,<not-shown>,ALERT,3730,<no-response>,<no-response>
62cc7d568e3d174ffc0fc2d9,621e2f9167b776a240011ccb,s801206794,uk96OixJ-,RAIS Consortium Experiment v2.0,5,BjTcu3Lg-,Context and Mood Survey,scheduled,1,2022-01-15T21:54:00,2022-01-15T21:54:00,2022-01-15T21:54:00,2022-01-15T21:54:00,,2022-01-15T21:54:00,3890,<no-response>,HOME,2583,<not-shown>,<not-shown>,SAD,1307,<no-response>,<no-response>
62cc7d568e3d174ffc0fc309,621e2f9167b776a240011ccb,s801206794,uk96OixJ-,RAIS Consortium Experiment v2.0,5,BjTcu3Lg-,Context and Mood Survey,scheduled,1,2021-12-07T21:52:00,2021-12-07T20:58:00,2021-12-07T21:52:00,2021-12-07T21:53:00,,2021-12-07T21:53:00,6561,<no-response>,HOME,5045,<not-shown>,<not-shown>,TIRED,1516,<no-response>,<no-response>
62cc7d568e3d174ffc0fc387,621e2f9167b776a240011ccb,s801206794,uk96OixJ-,RAIS Consortium Experiment v2.0,5,BjTcu3Lg-,Context and Mood Survey,scheduled,1,2021-12-31T21:03:00,2021-12-31T20:33:00,2021-12-31T21:03:00,2021-12-31T21:04:00,,2021-12-31T21:04:00,3597,<no-response>,HOME,1878,<not-shown>,<not-shown>,HAPPY,1719,<no-response>,<no-response>
62cc7d568e3d174ffc0fc3d5,621e2f9167b776a240011ccb,s801206794,uk96OixJ-,RAIS Consortium Experiment v2.0,5,BjTcu3Lg-,Context and Mood Survey,scheduled,1,2021-12-20T20:40:00,2021-12-20T20:36:00,2021-12-20T20:40:00,2021-12-20T20:40:00,,2021-12-20T20:40:00,4533,<no-response>,HOME_OFFICE,2642,<not-shown>,<not-shown>,NEUTRAL,1891,<no-response>,<no-response>
62cc7d568e3d174ffc0fc408,621e2f9167b776a240011ccb,s801206794,uk96OixJ-,RAIS Consortium Experiment v2.0,5,BjTcu3Lg-,Context and Mood Survey,scheduled,1,2021-12-03T15:47:00,2021-12-03T15:43:00,2021-12-03T15:47:00,2021-12-03T15:47:00,,2021-12-03T15:47:00,8509,<no-response>,HOME,5520,<not-shown>,<not-shown>,RESTED/RELAXED,2989,<no-response>,<no-response>
62cc7d568e3d174ffc0fcafc,621e2f9167b776a240011ccb,s801206794,uk96OixJ-,RAIS Consortium Experiment v2.0,5,BjTcu3Lg-,Context and Mood Survey,scheduled,1,2022-01-09T21:58:00,2022-01-09T21:55:00,2022-01-09T21:58:00,2022-01-09T21:58:00,,2022-01-09T21:58:00,3157,<no-response>,HOME,1808,<not-shown>,<not-shown>,TIRED,1349,<no-response>,<no-response>
62cc7d568e3d174ffc0fcb08,621e2f9167b776a240011ccb,s801206794,uk96OixJ-,RAIS Consortium Experiment v2.0,5,BjTcu3Lg-,Context and Mood Survey,scheduled,1,2021-12-10T11:25:00,2021-12-10T10:57:00,2021-12-10T11:25:00,2021-12-10T11:25:00,,2021-12-10T11:25:00,4537,<no-response>,WORK/SCHOOL,2041,<not-shown>,<not-shown>,TENSE/ANXIOUS,2496,<no-response>,<no-response>
62cc7d568e3d174ffc0fcb25,621e2f9167b776a240011ccb,s801206794,uk96OixJ-,RAIS Consortium Experiment v2.0,5,BjTcu3Lg-,Context and Mood Survey,scheduled,1,2021-12-11T13:21:00,2021-12-11T12:36:00,2021-12-11T13:21:00,2021-12-11T13:21:00,,2021-12-11T13:21:00,7898,<no-response>,TRANSIT,4710,<not-shown>,<not-shown>,TENSE/ANXIOUS,3188,<no-response>,<no-response>
62cc7d568e3d174ffc0fcb2f,621e2f9167b776a240011ccb,s801206794,uk96OixJ-,RAIS Consortium Experiment v2.0,5,BjTcu3Lg-,Context and Mood Survey,scheduled,1,2021-12-13T10:42:00,2021-12-13T10:39:00,2021-12-13T10:42:00,2021-12-13T10:42:00,,2021-12-13T10:42:00,4581,<no-response>,WORK/SCHOOL,2453,<not-shown>,<not-shown>,TENSE/ANXIOUS,2128,<no-response>,<no-response>
62cc7d568e3d174ffc0fcb4e,621e2f9167b776a240011ccb,s801206794,uk96OixJ-,RAIS Consortium Experiment v2.0,5,BjTcu3Lg-,Context and Mood Survey,scheduled,1,2022-01-02T20:20:00,2022-01-02T18:17:00,,,2022-01-02T20:17:00,,<no-response>,<no-response>,<no-response>,<no-response>,<no-response>,<no-response>,<no-response>,<no-response>,<no-response>,<no-response>
62cc7d568e3d174ffc0fcb8b,621e2f9167b776a240011ccb,s801206794,uk96OixJ-,RAIS Consortium Experiment v2.0,5,BjTcu3Lg-,Context and Mood Survey,scheduled,1,2021-12-22T17:06:00,2021-12-22T15:19:00,2021-12-22T17:06:00,2021-12-22T17:06:00,,2021-12-22T17:06:00,4199,<no-response>,OUTDOORS,1946,<not-shown>,<not-shown>,TIRED,2253,<no-response>,<no-response>
62cc7d568e3d174ffc0fcb9e,621e2f9167b776a240011ccb,s801206794,uk96OixJ-,RAIS Consortium Experiment v2.0,5,BjTcu3Lg-,Context and Mood Survey,scheduled,1,2021-12-19T14:28:00,2021-12-19T12:22:00,2021-12-19T14:28:00,2021-12-19T14:28:00,,2021-12-19T14:28:00,7415,<no-response>,ENTERTAINMENT,5188,<not-shown>,<not-shown>,HAPPY,2227,<no-response>,<no-response>
62cc7d568e3d174ffc0fcbc8,621e2f9167b776a240011ccb,s801206794,uk96OixJ-,RAIS Consortium Experiment v2.0,5,BjTcu3Lg-,Context and Mood Survey,scheduled,1,2021-12-29T21:17:00,2021-12-29T20:38:00,2021-12-29T21:17:00,2021-12-29T21:17:00,,2021-12-29T21:17:00,4637,<no-response>,HOME,2731,<not-shown>,<not-shown>,HAPPY,1906,<no-response>,<no-response>
62cc7d568e3d174ffc0fcbd4,621e2f9167b776a240011ccb,s801206794,uk96OixJ-,RAIS Consortium Experiment v2.0,5,BjTcu3Lg-,Context and Mood Survey,scheduled,1,2022-01-15T16:00:00,2022-01-15T12:48:00,2022-01-15T16:00:00,2022-01-15T16:00:00,,2022-01-15T16:00:00,3724,<no-response>,OUTDOORS,1975,<not-shown>,<not-shown>,HAPPY,1749,<no-response>,<no-response>
62cc7d568e3d174ffc0fcc69,621e2f9167b776a240011ccb,s801206794,uk96OixJ-,RAIS Consortium Experiment v2.0,5,BjTcu3Lg-,Context and Mood Survey,scheduled,1,2021-12-25T22:24:00,2021-12-25T21:37:00,2021-12-25T22:24:00,2021-12-25T22:24:00,,2021-12-25T22:24:00,7851,<no-response>,HOME,2224,<not-shown>,<not-shown>,HAPPY,5627,<no-response>,<no-response>
62cc7d568e3d174ffc0fccb5,621e2f9167b776a240011ccb,s801206794,uk96OixJ-,RAIS Consortium Experiment v2.0,5,BjTcu3Lg-,Context and Mood Survey,scheduled,1,2021-12-24T16:09:00,2021-12-24T15:23:00,2021-12-24T16:09:00,2021-12-24T16:09:00,,2021-12-24T16:09:00,3957,<no-response>,TRANSIT,2367,<not-shown>,<not-shown>,TIRED,1590,<no-response>,<no-response>
62cc7d568e3d174ffc0fccef,621e2f9167b776a240011ccb,s801206794,uk96OixJ-,RAIS Consortium Experiment v2.0,5,BjTcu3Lg-,Context and Mood Survey,scheduled,1,2022-01-12T12:45:00,2022-01-12T10:42:00,2022-01-12T12:45:00,2022-01-12T12:46:00,,2022-01-12T12:46:00,13513,<no-response>,TRANSIT,7606,<not-shown>,<not-shown>,TENSE/ANXIOUS,5907,<no-response>,<no-response>
62cc7d568e3d174ffc0fcd0c,621e2f9167b776a240011ccb,s801206794,uk96OixJ-,RAIS Consortium Experiment v2.0,5,BjTcu3Lg-,Context and Mood Survey,scheduled,1,2022-01-12T19:45:00,2022-01-12T15:41:00,,,2022-01-12T19:41:00,,<no-response>,<no-response>,<no-response>,<no-response>,<no-response>,<no-response>,<no-response>,<no-response>,<no-response>,<no-response>
62cc7d568e3d174ffc0fcd52,621e2f9167b776a240011ccb,s801206794,uk96OixJ-,RAIS Consortium Experiment v2.0,5,BjTcu3Lg-,Context and Mood Survey,scheduled,1,2021-11-22T20:31:00,2021-11-22T20:19:00,2021-11-22T20:31:00,2021-11-22T20:31:00,,2021-11-22T20:31:00,4079,<no-response>,HOME,2294,<not-shown>,<not-shown>,SAD,1785,<no-response>,<no-response>
62cc7d568e3d174ffc0fcd8c,621e2f9167b776a240011ccb,s801206794,uk96OixJ-,RAIS Consortium Experiment v2.0,5,BjTcu3Lg-,Context and Mood Survey,scheduled,1,2021-11-22T15:39:00,2021-11-22T15:23:00,2021-11-22T15:39:00,2021-11-22T15:39:00,,2021-11-22T15:39:00,3920,<no-response>,HOME,2465,<not-shown>,<not-shown>,TIRED,1455,<no-response>,<no-response>
62cc7d568e3d174ffc0fcd95,621e2f9167b776a240011ccb,s801206794,uk96OixJ-,RAIS Consortium Experiment v2.0,5,BjTcu3Lg-,Context and Mood Survey,scheduled,1,2022-01-04T12:57:00,2022-01-04T10:55:00,2022-01-04T12:57:00,2022-01-04T12:57:00,,2022-01-04T12:57:00,5304,<no-response>,HOME_OFFICE,1540,<not-shown>,<not-shown>,NEUTRAL,3764,<no-response>,<no-response>
62cc7d568e3d174ffc0fcd96,621e2f9167b776a240011ccb,s801206794,uk96OixJ-,RAIS Consortium Experiment v2.0,5,BjTcu3Lg-,Context and Mood Survey,scheduled,1,2022-01-15T20:05:00,2022-01-15T18:02:00,,,2022-01-15T20:02:00,,<no-response>,<no-response>,<no-response>,<no-response>,<no-response>,<no-response>,<no-response>,<no-response>,<no-response>,<no-response>
62cc7d568e3d174ffc0fcd9a,621e2f9167b776a240011ccb,s801206794,uk96OixJ-,RAIS Consortium Experiment v2.0,5,BjTcu3Lg-,Context and Mood Survey,scheduled,1,2021-12-25T12:20:00,2021-12-25T12:20:00,2021-12-25T12:20:00,2021-12-25T12:20:00,,2021-12-25T12:20:00,4703,<no-response>,HOME,2890,<not-shown>,<not-shown>,RESTED/RELAXED,1813,<no-response>,<no-response>
62cc7d568e3d174ffc0fcdc8,621e2f9167b776a240011ccb,s801206794,uk96OixJ-,RAIS Consortium Experiment v2.0,5,BjTcu3Lg-,Context and Mood Survey,scheduled,1,2021-11-15T20:00:00,2021-11-15T15:59:00,,,2021-11-15T19:59:00,,<no-response>,<no-response>,<no-response>,<no-response>,<no-response>,<no-response>,<no-response>,<no-response>,<no-response>,<no-response>
62cc7d568e3d174ffc0fce27,621e2f9167b776a240011ccb,s801206794,uk96OixJ-,RAIS Consortium Experiment v2.0,5,BjTcu3Lg-,Context and Mood Survey,scheduled,1,2021-12-29T10:43:00,2021-12-29T10:20:00,2021-12-29T10:43:00,2021-12-29T10:43:00,,2021-12-29T10:43:00,4155,<no-response>,HOME,2502,<not-shown>,<not-shown>,RESTED/RELAXED,1653,<no-response>,<no-response>
62cc7d568e3d174ffc0fce54,621e2f9167b776a240011ccb,s801206794,uk96OixJ-,RAIS Consortium Experiment v2.0,5,BjTcu3Lg-,Context and Mood Survey,scheduled,1,2021-12-30T16:19:00,2021-12-30T15:23:00,2021-12-30T16:19:00,2021-12-30T16:19:00,,2021-12-30T16:19:00,18492,<no-response>,HOME,8104,<not-shown>,<not-shown>,HAPPY,10388,<no-response>,<no-response>
62cc7d568e3d174ffc0fce56,621e2f9167b776a240011ccb,s801206794,uk96OixJ-,RAIS Consortium Experiment v2.0,5,BjTcu3Lg-,Context and Mood Survey,scheduled,1,2021-12-29T17:42:00,2021-12-29T15:41:00,2021-12-29T17:42:00,2021-12-29T17:42:00,,2021-12-29T17:42:00,4487,<no-response>,OUTDOORS,2185,<not-shown>,<not-shown>,TENSE/ANXIOUS,2302,<no-response>,<no-response>
62cc7d568e3d174ffc0fce5e,621e2f9167b776a240011ccb,s801206794,uk96OixJ-,RAIS Consortium Experiment v2.0,5,BjTcu3Lg-,Context and Mood Survey,scheduled,1,2022-01-17T00:10:00,2022-01-16T22:07:00,,,2022-01-17T00:07:00,,<no-response>,<no-response>,<no-response>,<no-response>,<no-response>,<no-response>,<no-response>,<no-response>,<no-response>,<no-response>
62cc7d568e3d174ffc0fce6b,621e2f9167b776a240011ccb,s801206794,uk96OixJ-,RAIS Consortium Experiment v2.0,5,BjTcu3Lg-,Context and Mood Survey,scheduled,1,2021-11-20T18:39:00,2021-11-20T18:20:00,2021-11-20T18:39:00,2021-11-20T18:39:00,,2021-11-20T18:39:00,9364,<no-response>,HOME_OFFICE,2485,<not-shown>,<not-shown>,NEUTRAL,6879,<no-response>,<no-response>
62cc7d568e3d174ffc0fce75,621e2f9167b776a240011ccb,s801206794,uk96OixJ-,RAIS Consortium Experiment v2.0,5,BjTcu3Lg-,Context and Mood Survey,scheduled,1,2021-12-18T18:29:00,2021-12-18T18:28:00,2021-12-18T18:29:00,2021-12-18T18:29:00,,2021-12-18T18:29:00,16245,<no-response>,OUTDOORS,6093,<not-shown>,<not-shown>,HAPPY,10152,<no-response>,<no-response>
62cc7d568e3d174ffc0fcec4,621e2f9167b776a240011ccb,s801206794,uk96OixJ-,RAIS Consortium Experiment v2.0,5,BjTcu3Lg-,Context and Mood Survey,scheduled,1,2021-12-06T10:49:00,2021-12-06T10:18:00,2021-12-06T10:49:00,2021-12-06T10:49:00,,2021-12-06T10:49:00,6854,<no-response>,WORK/SCHOOL,3903,<not-shown>,<not-shown>,TIRED,2951,<no-response>,<no-response>
62cc7d568e3d174ffc0fcec7,621e2f9167b776a240011ccb,s801206794,uk96OixJ-,RAIS Consortium Experiment v2.0,5,BjTcu3Lg-,Context and Mood Survey,scheduled,1,2021-11-24T17:54:00,2021-11-24T15:48:00,2021-11-24T17:54:00,2021-11-24T17:55:00,,2021-11-24T17:55:00,5154,<no-response>,HOME,1954,<not-shown>,<not-shown>,RESTED/RELAXED,3200,<no-response>,<no-response>
62cc7d568e3d174ffc0fcedf,621e2f9167b776a240011ccb,s801206794,uk96OixJ-,RAIS Consortium Experiment v2.0,5,BjTcu3Lg-,Context and Mood Survey,scheduled,1,2021-12-03T01:00:00,2021-12-02T20:59:00,,,2021-12-03T00:59:00,,<no-response>,<no-response>,<no-response>,<no-response>,<no-response>,<no-response>,<no-response>,<no-response>,<no-response>,<no-response>
62cc7d568e3d174ffc0fcf1e,621e2f9167b776a240011ccb,s801206794,uk96OixJ-,RAIS Consortium Experiment v2.0,5,BjTcu3Lg-,Context and Mood Survey,scheduled,1,2021-12-14T11:04:00,2021-12-14T10:40:00,2021-12-14T11:04:00,2021-12-14T11:04:00,,2021-12-14T11:04:00,4684,<no-response>,WORK/SCHOOL,2321,<not-shown>,<not-shown>,NEUTRAL,2363,<no-response>,<no-response>
62cc7d568e3d174ffc0fcf1f,621e2f9167b776a240011ccb,s801206794,uk96OixJ-,RAIS Consortium Experiment v2.0,5,BjTcu3Lg-,Context and Mood Survey,scheduled,1,2021-12-13T16:04:00,2021-12-13T15:13:00,2021-12-13T16:04:00,2021-12-13T16:04:00,,2021-12-13T16:04:00,6881,<no-response>,HOME,4797,<not-shown>,<not-shown>,TENSE/ANXIOUS,2084,<no-response>,<no-response>
62cc7d568e3d174ffc0fcf73,621e2f9167b776a240011ccb,s801206794,uk96OixJ-,RAIS Consortium Experiment v2.0,5,BjTcu3Lg-,Context and Mood Survey,scheduled,1,2021-11-21T12:26:00,2021-11-21T12:26:00,2021-11-21T12:26:00,2021-11-21T12:26:00,,2021-11-21T12:26:00,4856,<no-response>,HOME_OFFICE,2989,<not-shown>,<not-shown>,TENSE/ANXIOUS,1867,<no-response>,<no-response>
62cc7d568e3d174ffc0fcf83,621e2f9167b776a240011ccb,s801206794,uk96OixJ-,RAIS Consortium Experiment v2.0,5,BjTcu3Lg-,Context and Mood Survey,scheduled,1,2021-11-25T16:17:00,2021-11-25T15:42:00,2021-11-25T16:17:00,2021-11-25T16:17:00,,2021-11-25T16:17:00,5598,<no-response>,TRANSIT,1971,<not-shown>,<not-shown>,TIRED,3627,<no-response>,<no-response>
62cc7d568e3d174ffc0fcf86,621e2f9167b776a240011ccb,s801206794,uk96OixJ-,RAIS Consortium Experiment v2.0,5,BjTcu3Lg-,Context and Mood Survey,scheduled,1,2022-01-05T21:06:00,2022-01-05T20:38:00,2022-01-05T21:06:00,2022-01-05T21:06:00,,2022-01-05T21:06:00,3247,<no-response>,HOME,1486,<not-shown>,<not-shown>,TIRED,1761,<no-response>,<no-response>
62cc7d568e3d174ffc0fcfc9,621e2f9167b776a240011ccb,s801206794,uk96OixJ-,RAIS Consortium Experiment v2.0,5,BjTcu3Lg-,Context and Mood Survey,scheduled,1,2021-12-28T23:27:00,2021-12-28T20:48:00,2021-12-28T23:27:00,2021-12-28T23:28:00,,2021-12-28T23:28:00,3084,<no-response>,HOME,1688,<not-shown>,<not-shown>,TIRED,1396,<no-response>,<no-response>
62cc7d568e3d174ffc0fcfd6,621e2f9167b776a240011ccb,s801206794,uk96OixJ-,RAIS Consortium Experiment v2.0,5,BjTcu3Lg-,Context and Mood Survey,scheduled,1,2021-11-27T12:38:00,2021-11-27T12:33:00,2021-11-27T12:38:00,2021-11-27T12:38:00,,2021-11-27T12:38:00,4355,<no-response>,HOME_OFFICE,1630,<not-shown>,<not-shown>,NEUTRAL,2725,<no-response>,<no-response>
62cc7d568e3d174ffc0fcfea,621e2f9167b776a240011ccb,s801206794,uk96OixJ-,RAIS Consortium Experiment v2.0,5,BjTcu3Lg-,Context and Mood Survey,scheduled,1,2021-11-20T13:02:00,2021-11-20T12:54:00,2021-11-20T13:02:00,2021-11-20T13:03:00,,2021-11-20T13:03:00,8939,<no-response>,HOME,2613,<not-shown>,<not-shown>,NEUTRAL,6326,<no-response>,<no-response>
62cc7d568e3d174ffc0fcfee,621e2f9167b776a240011ccb,s801206794,uk96OixJ-,RAIS Consortium Experiment v2.0,5,BjTcu3Lg-,Context and Mood Survey,scheduled,1,2022-01-04T15:51:00,2022-01-04T15:50:00,2022-01-04T15:51:00,2022-01-04T15:51:00,,2022-01-04T15:51:00,3311,<no-response>,HOME_OFFICE,1734,<not-shown>,<not-shown>,TENSE/ANXIOUS,1577,<no-response>,<no-response>
62cc7d568e3d174ffc0fd03a,621e2f9167b776a240011ccb,s801206794,uk96OixJ-,RAIS Consortium Experiment v2.0,5,BjTcu3Lg-,Context and Mood Survey,scheduled,1,2022-01-13T11:09:00,2022-01-13T10:14:00,2022-01-13T11:09:00,2022-01-13T11:09:00,,2022-01-13T11:09:00,13694,<no-response>,WORK/SCHOOL,12150,<not-shown>,<not-shown>,TENSE/ANXIOUS,1544,<no-response>,<no-response>
62cc7d568e3d174ffc0fd06a,621e2f9167b776a240011ccb,s801206794,uk96OixJ-,RAIS Consortium Experiment v2.0,5,BjTcu3Lg-,Context and Mood Survey,scheduled,1,2021-12-25T20:43:00,2021-12-25T18:46:00,2021-12-25T20:43:00,2021-12-25T20:43:00,,2021-12-25T20:43:00,8700,<no-response>,HOME,2190,<not-shown>,<not-shown>,HAPPY,6510,<no-response>,<no-response>
62cc7d568e3d174ffc0fd074,621e2f9167b776a240011ccb,s801206794,uk96OixJ-,RAIS Consortium Experiment v2.0,5,BjTcu3Lg-,Context and Mood Survey,scheduled,1,2021-11-16T20:30:00,2021-11-16T20:17:00,2021-11-16T20:30:00,2021-11-16T20:30:00,,2021-11-16T20:30:00,13641,<no-response>,TRANSIT,7074,<not-shown>,<not-shown>,TIRED,6567,<no-response>,<no-response>
62cc7d568e3d174ffc0fd07f,621e2f9167b776a240011ccb,s801206794,uk96OixJ-,RAIS Consortium Experiment v2.0,5,BjTcu3Lg-,Context and Mood Survey,scheduled,1,2022-01-13T16:02:00,2022-01-13T15:52:00,2022-01-13T16:02:00,2022-01-13T16:03:00,,2022-01-13T16:03:00,8002,<no-response>,HOME_OFFICE,1932,<not-shown>,<not-shown>,TENSE/ANXIOUS,6070,<no-response>,<no-response>
62cc7d568e3d174ffc0fd091,621e2f9167b776a240011ccb,s801206794,uk96OixJ-,RAIS Consortium Experiment v2.0,5,BjTcu3Lg-,Context and Mood Survey,scheduled,1,2021-12-15T20:52:00,2021-12-15T20:46:00,2021-12-15T20:52:00,2021-12-15T20:52:00,,2021-12-15T20:52:00,3838,<no-response>,HOME_OFFICE,2329,<not-shown>,<not-shown>,TIRED,1509,<no-response>,<no-response>
62cc7d568e3d174ffc0fd0cf,621e2f9167b776a240011ccb,s801206794,uk96OixJ-,RAIS Consortium Experiment v2.0,5,BjTcu3Lg-,Context and Mood Survey,scheduled,1,2021-12-15T16:58:00,2021-12-15T15:48:00,2021-12-15T16:58:00,2021-12-15T16:58:00,,2021-12-15T16:58:00,5727,<no-response>,HOME_OFFICE,2652,<not-shown>,<not-shown>,TIRED,3075,<no-response>,<no-response>
62cc7d568e3d174ffc0fd10b,621e2f9167b776a240011ccb,s801206794,uk96OixJ-,RAIS Consortium Experiment v2.0,5,BjTcu3Lg-,Context and Mood Survey,scheduled,1,2021-12-13T20:49:00,2021-12-13T20:30:00,2021-12-13T20:49:00,2021-12-13T20:49:00,,2021-12-13T20:49:00,13153,<no-response>,HOME,11191,<not-shown>,<not-shown>,TIRED,1962,<no-response>,<no-response>
62cc7d568e3d174ffc0fd115,621e2f9167b776a240011ccb,s801206794,uk96OixJ-,RAIS Consortium Experiment v2.0,5,BjTcu3Lg-,Context and Mood Survey,scheduled,1,2022-01-07T15:43:00,2022-01-07T15:29:00,2022-01-07T15:43:00,2022-01-07T15:44:00,,2022-01-07T15:44:00,4264,<no-response>,HOME,2238,<not-shown>,<not-shown>,TIRED,2026,<no-response>,<no-response>
62cc7d568e3d174ffc0fd149,621e2f9167b776a240011ccb,s801206794,uk96OixJ-,RAIS Consortium Experiment v2.0,5,BjTcu3Lg-,Context and Mood Survey,scheduled,1,2022-01-10T22:14:00,2022-01-10T20:08:00,2022-01-10T22:14:00,2022-01-10T22:15:00,,2022-01-10T22:15:00,3257,<no-response>,HOME,1647,<not-shown>,<not-shown>,TIRED,1610,<no-response>,<no-response>
62cc7d568e3d174ffc0fd1d4,621e2f9167b776a240011ccb,s801206794,uk96OixJ-,RAIS Consortium Experiment v2.0,5,BjTcu3Lg-,Context and Mood Survey,scheduled,1,2021-12-22T14:26:00,2021-12-22T10:57:00,2021-12-22T14:26:00,2021-12-22T14:26:00,,2021-12-22T14:26:00,4645,<no-response>,ENTERTAINMENT,2108,<not-shown>,<not-shown>,TIRED,2537,<no-response>,<no-response>
62cc7d568e3d174ffc0fd1ee,621e2f9167b776a240011ccb,s801206794,uk96OixJ-,RAIS Consortium Experiment v2.0,5,BjTcu3Lg-,Context and Mood Survey,scheduled,1,2021-12-08T16:08:00,2021-12-08T15:51:00,2021-12-08T16:08:00,2021-12-08T16:08:00,,2021-12-08T16:08:00,5133,<no-response>,HOME_OFFICE,1978,<not-shown>,<not-shown>,NEUTRAL,3155,<no-response>,<no-response>
62cc7d568e3d174ffc0fd2e0,621e2f9167b776a240011ccb,s801206794,uk96OixJ-,RAIS Consortium Experiment v2.0,5,BjTcu3Lg-,Context and Mood Survey,scheduled,1,2021-12-20T14:45:00,2021-12-20T10:44:00,,,2021-12-20T14:44:00,,<no-response>,<no-response>,<no-response>,<no-response>,<no-response>,<no-response>,<no-response>,<no-response>,<no-response>,<no-response>
62cc7d568e3d174ffc0fd31c,621e2f9167b776a240011ccb,s801206794,uk96OixJ-,RAIS Consortium Experiment v2.0,5,BjTcu3Lg-,Context and Mood Survey,scheduled,1,2021-12-17T15:49:00,2021-12-17T15:10:00,2021-12-17T15:49:00,2021-12-17T15:49:00,,2021-12-17T15:49:00,4420,<no-response>,HOME,2958,<not-shown>,<not-shown>,TENSE/ANXIOUS,1462,<no-response>,<no-response>
62cc7d568e3d174ffc0fd32c,621e2f9167b776a240011ccb,s801206794,uk96OixJ-,RAIS Consortium Experiment v2.0,5,BjTcu3Lg-,Context and Mood Survey,scheduled,1,2021-12-14T20:33:00,2021-12-14T20:28:00,2021-12-14T20:33:00,2021-12-14T20:33:00,,2021-12-14T20:33:00,3224,<no-response>,HOME,1912,<not-shown>,<not-shown>,TIRED,1312,<no-response>,<no-response>
62cc7d568e3d174ffc0fd3d4,621e2f9167b776a240011ccb,s801206794,uk96OixJ-,RAIS Consortium Experiment v2.0,5,BjTcu3Lg-,Context and Mood Survey,scheduled,1,2021-12-17T20:54:00,2021-12-17T20:52:00,2021-12-17T20:54:00,2021-12-17T20:54:00,,2021-12-17T20:54:00,2891,<no-response>,HOME,1656,<not-shown>,<not-shown>,TIRED,1235,<no-response>,<no-response>
62cc7d568e3d174ffc0fd45b,621e2f9167b776a240011ccb,s801206794,uk96OixJ-,RAIS Consortium Experiment v2.0,5,BjTcu3Lg-,Context and Mood Survey,scheduled,1,2021-12-12T13:06:00,2021-12-12T12:54:00,2021-12-12T13:06:00,2021-12-12T13:06:00,,2021-12-12T13:06:00,5792,<no-response>,OUTDOORS,1645,<not-shown>,<not-shown>,HAPPY,4147,<no-response>,<no-response>
62cc7d568e3d174ffc0fd007,621e2f9167b776a240011ccb,s801206794,uk96OixJ-,RAIS Consortium Experiment v2.0,5,BjTcu3Lg-,Context and Mood Survey,scheduled,1,2021-12-26T23:45:00,2021-12-26T21:42:00,,,2021-12-26T23:42:00,,<no-response>,<no-response>,<no-response>,<no-response>,<no-response>,<no-response>,<no-response>,<no-response>,<no-response>,<no-response>
62cc7d568e3d174ffc0fd02b,621e2f9167b776a240011ccb,s801206794,uk96OixJ-,RAIS Consortium Experiment v2.0,5,BjTcu3Lg-,Context and Mood Survey,scheduled,1,2021-12-22T23:22:00,2021-12-22T20:05:00,2021-12-22T23:22:00,2021-12-22T23:22:00,,2021-12-22T23:22:00,3500,<no-response>,HOME,1623,<not-shown>,<not-shown>,TIRED,1877,<no-response>,<no-response>
62cc7d568e3d174ffc0fd0b8,621e2f9167b776a240011ccb,s801206794,uk96OixJ-,RAIS Consortium Experiment v2.0,5,BjTcu3Lg-,Context and Mood Survey,scheduled,1,2021-12-27T17:40:00,2021-12-27T16:00:00,2021-12-27T17:40:00,2021-12-27T17:41:00,,2021-12-27T17:41:00,43955,<no-response>,HOME,39912,<not-shown>,<not-shown>,HAPPY,4043,<no-response>,<no-response>
62cc7d568e3d174ffc0fd0ee,621e2f9167b776a240011ccb,s801206794,uk96OixJ-,RAIS Consortium Experiment v2.0,5,BjTcu3Lg-,Context and Mood Survey,scheduled,1,2022-01-16T12:49:00,2022-01-16T12:08:00,2022-01-16T12:49:00,2022-01-16T12:49:00,,2022-01-16T12:49:00,2859,<no-response>,HOME_OFFICE,1776,<not-shown>,<not-shown>,TENSE/ANXIOUS,1083,<no-response>,<no-response>
62cc7d568e3d174ffc0fd106,621e2f9167b776a240011ccb,s801206794,uk96OixJ-,RAIS Consortium Experiment v2.0,5,BjTcu3Lg-,Context and Mood Survey,scheduled,1,2021-11-17T12:19:00,2021-11-17T10:55:00,2021-11-17T12:19:00,,,2021-11-17T12:19:00,5691,<no-response>,OTHER,5691,<no-response>,<no-response>,<no-response>,<no-response>,<no-response>,<no-response>
62cc7d568e3d174ffc0fd132,621e2f9167b776a240011ccb,s801206794,uk96OixJ-,RAIS Consortium Experiment v2.0,5,BjTcu3Lg-,Context and Mood Survey,scheduled,1,2021-11-20T22:01:00,2021-11-20T21:50:00,2021-11-20T22:01:00,2021-11-20T22:01:00,,2021-11-20T22:01:00,5813,<no-response>,HOME_OFFICE,3221,<not-shown>,<not-shown>,NEUTRAL,2592,<no-response>,<no-response>
62cc7d568e3d174ffc0fd15c,621e2f9167b776a240011ccb,s801206794,uk96OixJ-,RAIS Consortium Experiment v2.0,5,BjTcu3Lg-,Context and Mood Survey,scheduled,1,2021-12-04T12:14:00,2021-12-04T12:11:00,2021-12-04T12:14:00,2021-12-04T12:14:00,,2021-12-04T12:14:00,8741,<no-response>,HOME_OFFICE,2612,<not-shown>,<not-shown>,NEUTRAL,6129,<no-response>,<no-response>
62cc7d568e3d174ffc0fd1c5,621e2f9167b776a240011ccb,s801206794,uk96OixJ-,RAIS Consortium Experiment v2.0,5,BjTcu3Lg-,Context and Mood Survey,scheduled,1,2021-12-04T18:55:00,2021-12-04T18:52:00,2021-12-04T18:55:00,2021-12-04T18:55:00,,2021-12-04T18:55:00,5582,<no-response>,HOME,4002,<not-shown>,<not-shown>,SAD,1580,<no-response>,<no-response>
62cc7d568e3d174ffc0fd1e3,621e2f9167b776a240011ccb,s801206794,uk96OixJ-,RAIS Consortium Experiment v2.0,5,BjTcu3Lg-,Context and Mood Survey,scheduled,1,2021-11-24T11:41:00,2021-11-24T10:38:00,2021-11-24T11:41:00,2021-11-24T11:42:00,,2021-11-24T11:42:00,11003,<no-response>,TRANSIT,7827,<not-shown>,<not-shown>,TENSE/ANXIOUS,3176,<no-response>,<no-response>
62cc7d568e3d174ffc0fd1f3,621e2f9167b776a240011ccb,s801206794,uk96OixJ-,RAIS Consortium Experiment v2.0,5,BjTcu3Lg-,Context and Mood Survey,scheduled,1,2021-12-06T15:29:00,2021-12-06T15:29:00,2021-12-06T15:29:00,2021-12-06T15:29:00,,2021-12-06T15:29:00,28123,<no-response>,HOME,4756,<not-shown>,<not-shown>,TIRED,23367,<no-response>,<no-response>
62cc7d568e3d174ffc0fd1fd,621e2f9167b776a240011ccb,s801206794,uk96OixJ-,RAIS Consortium Experiment v2.0,5,BjTcu3Lg-,Context and Mood Survey,scheduled,1,2021-12-20T15:45:00,2021-12-20T15:45:00,2021-12-20T15:45:00,2021-12-20T15:45:00,,2021-12-20T15:45:00,8174,<no-response>,HOME,6540,<not-shown>,<not-shown>,TENSE/ANXIOUS,1634,<no-response>,<no-response>
62cc7d568e3d174ffc0fd263,621e2f9167b776a240011ccb,s801206794,uk96OixJ-,RAIS Consortium Experiment v2.0,5,BjTcu3Lg-,Context and Mood Survey,scheduled,1,2021-11-18T10:56:00,2021-11-18T10:19:00,2021-11-18T10:56:00,2021-11-18T10:56:00,,2021-11-18T10:56:00,8877,<no-response>,WORK/SCHOOL,4266,<not-shown>,<not-shown>,TIRED,4611,<no-response>,<no-response>
62cc7d568e3d174ffc0fd269,621e2f9167b776a240011ccb,s801206794,uk96OixJ-,RAIS Consortium Experiment v2.0,5,BjTcu3Lg-,Context and Mood Survey,scheduled,1,2021-11-18T15:52:00,2021-11-18T15:45:00,2021-11-18T15:52:00,2021-11-18T15:52:00,,2021-11-18T15:52:00,8941,<no-response>,HOME,3312,<not-shown>,<not-shown>,NEUTRAL,5629,<no-response>,<no-response>
62cc7d568e3d174ffc0fd2a1,621e2f9167b776a240011ccb,s801206794,uk96OixJ-,RAIS Consortium Experiment v2.0,5,BjTcu3Lg-,Context and Mood Survey,scheduled,1,2021-11-19T10:30:00,2021-11-19T10:30:00,2021-11-19T10:30:00,2021-11-19T10:31:00,,2021-11-19T10:31:00,6512,<no-response>,WORK/SCHOOL,3394,<not-shown>,<not-shown>,TENSE/ANXIOUS,3118,<no-response>,<no-response>
62cc7d568e3d174ffc0fd2a9,621e2f9167b776a240011ccb,s801206794,uk96OixJ-,RAIS Consortium Experiment v2.0,5,BjTcu3Lg-,Context and Mood Survey,scheduled,1,2022-01-12T21:20:00,2022-01-12T20:16:00,2022-01-12T21:20:00,2022-01-12T21:20:00,,2022-01-12T21:20:00,15909,<no-response>,HOME_OFFICE,14476,<not-shown>,<not-shown>,TENSE/ANXIOUS,1433,<no-response>,<no-response>
62cc7d568e3d174ffc0fd2ad,621e2f9167b776a240011ccb,s801206794,uk96OixJ-,RAIS Consortium Experiment v2.0,5,BjTcu3Lg-,Context and Mood Survey,scheduled,1,2021-11-25T11:18:00,2021-11-25T10:19:00,2021-11-25T11:18:00,2021-11-25T11:18:00,,2021-11-25T11:18:00,5263,<no-response>,WORK/SCHOOL,3051,<not-shown>,<not-shown>,TENSE/ANXIOUS,2212,<no-response>,<no-response>
62cc7d568e3d174ffc0fd341,621e2f9167b776a240011ccb,s801206794,uk96OixJ-,RAIS Consortium Experiment v2.0,5,BjTcu3Lg-,Context and Mood Survey,scheduled,1,2022-01-11T23:26:00,2022-01-11T20:00:00,2022-01-11T23:26:00,2022-01-11T23:26:00,,2022-01-11T23:26:00,5293,<no-response>,HOME,3526,<not-shown>,<not-shown>,TIRED,1767,<no-response>,<no-response>
62cc7d568e3d174ffc0fd3f9,621e2f9167b776a240011ccb,s801206794,uk96OixJ-,RAIS Consortium Experiment v2.0,5,BjTcu3Lg-,Context and Mood Survey,scheduled,1,2021-11-27T20:20:00,2021-11-27T18:19:00,,,2021-11-27T20:19:00,,<no-response>,<no-response>,<no-response>,<no-response>,<no-response>,<no-response>,<no-response>,<no-response>,<no-response>,<no-response>
62cc7d568e3d174ffc0fd3f5,621e2f9167b776a240011ccb,s801206794,uk96OixJ-,RAIS Consortium Experiment v2.0,5,BjTcu3Lg-,Context and Mood Survey,scheduled,1,2022-01-14T17:20:00,2022-01-14T15:21:00,2022-01-14T17:20:00,2022-01-14T17:21:00,,2022-01-14T17:21:00,15029,<no-response>,HOME_OFFICE,8794,<not-shown>,<not-shown>,TENSE/ANXIOUS,6235,<no-response>,<no-response>
62cc7d568e3d174ffc0fbd96,621e2f9167b776a240011ccb,s801206794,uk96OixJ-,RAIS Consortium Experiment v2.0,5,BjTcu3Lg-,Context and Mood Survey,scheduled,1,2021-11-29T17:31:00,2021-11-29T15:27:00,2021-11-29T17:31:00,2021-11-29T17:31:00,,2021-11-29T17:31:00,5655,<no-response>,HOME_OFFICE,3744,<not-shown>,<not-shown>,ALERT,1911,<no-response>,<no-response>
62cc7d568e3d174ffc0fbdad,621e2f9167b776a240011ccb,s801206794,uk96OixJ-,RAIS Consortium Experiment v2.0,5,BjTcu3Lg-,Context and Mood Survey,scheduled,1,2022-01-13T20:28:00,2022-01-13T20:17:00,2022-01-13T20:28:00,2022-01-13T20:28:00,,2022-01-13T20:28:00,5435,<no-response>,HOME_OFFICE,3643,<not-shown>,<not-shown>,TIRED,1792,<no-response>,<no-response>
62cc7d568e3d174ffc0fbe11,621e2f9167b776a240011ccb,s801206794,uk96OixJ-,RAIS Consortium Experiment v2.0,5,BjTcu3Lg-,Context and Mood Survey,scheduled,1,2021-11-18T20:58:00,2021-11-18T20:45:00,2021-11-18T20:58:00,2021-11-18T20:58:00,,2021-11-18T20:58:00,11739,<no-response>,OUTDOORS,5930,<not-shown>,<not-shown>,TIRED,5809,<no-response>,<no-response>
62cc7d568e3d174ffc0fbe55,621e2f9167b776a240011ccb,s801206794,uk96OixJ-,RAIS Consortium Experiment v2.0,5,BjTcu3Lg-,Context and Mood Survey,scheduled,1,2021-11-25T20:36:00,2021-11-25T20:32:00,2021-11-25T20:36:00,2021-11-25T20:36:00,,2021-11-25T20:36:00,4495,<no-response>,HOME,2648,<not-shown>,<not-shown>,TIRED,1847,<no-response>,<no-response>
62cc7d568e3d174ffc0fbbc9,621e2f9167b776a240011ccb,s801206794,uk96OixJ-,RAIS Consortium Experiment v2.0,5,BjTcu3Lg-,Context and Mood Survey,scheduled,1,2021-12-08T11:39:00,2021-12-08T10:24:00,2021-12-08T11:39:00,2021-12-08T11:39:00,,2021-12-08T11:39:00,6271,<no-response>,WORK/SCHOOL,4401,<not-shown>,<not-shown>,ALERT,1870,<no-response>,<no-response>
62cc7d568e3d174ffc0fbc6a,621e2f9167b776a240011ccb,s801206794,uk96OixJ-,RAIS Consortium Experiment v2.0,5,BjTcu3Lg-,Context and Mood Survey,scheduled,1,2022-01-16T18:28:00,2022-01-16T18:26:00,2022-01-16T18:28:00,2022-01-16T18:28:00,,2022-01-16T18:28:00,7298,<no-response>,HOME_OFFICE,3552,<not-shown>,<not-shown>,TENSE/ANXIOUS,3746,<no-response>,<no-response>
62cc7d568e3d174ffc0fbefb,621e2f9167b776a240011ccb,s801206794,uk96OixJ-,RAIS Consortium Experiment v2.0,5,BjTcu3Lg-,Context and Mood Survey,scheduled,1,2021-12-05T22:33:00,2021-12-05T22:03:00,2021-12-05T22:33:00,2021-12-05T22:33:00,,2021-12-05T22:33:00,10619,<no-response>,HOME_OFFICE,7249,<not-shown>,<not-shown>,TIRED,3370,<no-response>,<no-response>
62cc7d568e3d174ffc0fbf2b,621e2f9167b776a240011ccb,s801206794,uk96OixJ-,RAIS Consortium Experiment v2.0,5,BjTcu3Lg-,Context and Mood Survey,scheduled,1,2021-12-24T11:05:00,2021-12-24T10:43:00,2021-12-24T11:05:00,2021-12-24T11:05:00,,2021-12-24T11:05:00,5628,<no-response>,HOME,2342,<not-shown>,<not-shown>,HAPPY,3286,<no-response>,<no-response>
62cc7d568e3d174ffc0fc1a5,621e2f9167b776a240011ccb,s801206794,uk96OixJ-,RAIS Consortium Experiment v2.0,5,BjTcu3Lg-,Context and Mood Survey,scheduled,1,2021-12-21T21:28:00,2021-12-21T20:17:00,2021-12-21T21:28:00,2021-12-21T21:28:00,,2021-12-21T21:28:00,4560,<no-response>,HOME,2684,<not-shown>,<not-shown>,TIRED,1876,<no-response>,<no-response>
62cc7d568e3d174ffc0fc24b,621e2f9167b776a240011ccb,s801206794,uk96OixJ-,RAIS Consortium Experiment v2.0,5,BjTcu3Lg-,Context and Mood Survey,scheduled,1,2021-12-02T11:42:00,2021-12-02T10:46:00,2021-12-02T11:42:00,2021-12-02T11:42:00,,2021-12-02T11:42:00,14436,<no-response>,WORK/SCHOOL,5827,<not-shown>,<not-shown>,ALERT,8609,<no-response>,<no-response>
62cc7d568e3d174ffc0fc266,621e2f9167b776a240011ccb,s801206794,uk96OixJ-,RAIS Consortium Experiment v2.0,5,BjTcu3Lg-,Context and Mood Survey,scheduled,1,2021-12-21T12:57:00,2021-12-21T10:28:00,2021-12-21T12:57:00,2021-12-21T12:57:00,,2021-12-21T12:57:00,4747,<no-response>,WORK/SCHOOL,2467,<not-shown>,<not-shown>,TIRED,2280,<no-response>,<no-response>
62cc7d568e3d174ffc0fc2ff,621e2f9167b776a240011ccb,s801206794,uk96OixJ-,RAIS Consortium Experiment v2.0,5,BjTcu3Lg-,Context and Mood Survey,scheduled,1,2021-12-05T18:30:00,2021-12-05T18:02:00,2021-12-05T18:30:00,2021-12-05T18:30:00,,2021-12-05T18:30:00,5207,<no-response>,HOME_OFFICE,2055,<not-shown>,<not-shown>,ALERT,3152,<no-response>,<no-response>
62cc7d568e3d174ffc0fc410,621e2f9167b776a240011ccb,s801206794,uk96OixJ-,RAIS Consortium Experiment v2.0,5,BjTcu3Lg-,Context and Mood Survey,scheduled,1,2022-01-06T10:50:00,2022-01-06T10:38:00,2022-01-06T10:50:00,2022-01-06T10:50:00,,2022-01-06T10:50:00,5405,<no-response>,HOME,2454,<not-shown>,<not-shown>,RESTED/RELAXED,2951,<no-response>,<no-response>
62cc7d568e3d174ffc0fc44d,621e2f9167b776a240011ccb,s801206794,uk96OixJ-,RAIS Consortium Experiment v2.0,5,BjTcu3Lg-,Context and Mood Survey,scheduled,1,2021-12-10T21:25:00,2021-12-10T20:15:00,2021-12-10T21:25:00,2021-12-10T21:26:00,,2021-12-10T21:26:00,16764,<no-response>,HOME,3017,<not-shown>,<not-shown>,TIRED,13747,<no-response>,<no-response>
62cc7d568e3d174ffc0fc0bc,621e2f9167b776a240011ccb,s801206794,uk96OixJ-,RAIS Consortium Experiment v2.0,5,BjTcu3Lg-,Context and Mood Survey,scheduled,1,2021-11-26T10:19:00,2021-11-26T10:19:00,2021-11-26T10:19:00,2021-11-26T10:19:00,,2021-11-26T10:19:00,9234,<no-response>,WORK/SCHOOL,4002,<not-shown>,<not-shown>,NEUTRAL,5232,<no-response>,<no-response>
62cc7d568e3d174ffc0fc277,621e2f9167b776a240011ccb,s801206794,uk96OixJ-,RAIS Consortium Experiment v2.0,5,BjTcu3Lg-,Context and Mood Survey,scheduled,1,2021-12-27T10:57:00,2021-12-27T10:28:00,2021-12-27T10:57:00,2021-12-27T10:57:00,,2021-12-27T10:57:00,6978,<no-response>,HOME,2052,<not-shown>,<not-shown>,NEUTRAL,4926,<no-response>,<no-response>
62cc7d568e3d174ffc0fc3d0,621e2f9167b776a240011ccb,s801206794,uk96OixJ-,RAIS Consortium Experiment v2.0,5,BjTcu3Lg-,Context and Mood Survey,scheduled,1,2021-12-06T22:16:00,2021-12-06T20:16:00,2021-12-06T22:16:00,2021-12-06T22:16:00,,2021-12-06T22:16:00,5376,<no-response>,HOME,3610,<not-shown>,<not-shown>,TIRED,1766,<no-response>,<no-response>
62cc7d568e3d174ffc0fc448,621e2f9167b776a240011ccb,s801206794,uk96OixJ-,RAIS Consortium Experiment v2.0,5,BjTcu3Lg-,Context and Mood Survey,scheduled,1,2021-12-03T20:29:00,2021-12-03T20:28:00,2021-12-03T20:29:00,2021-12-03T20:29:00,,2021-12-03T20:29:00,4060,<no-response>,HOME,2457,<not-shown>,<not-shown>,RESTED/RELAXED,1603,<no-response>,<no-response>
62cc7d568e3d174ffc0fc477,621e2f9167b776a240011ccb,s801206794,uk96OixJ-,RAIS Consortium Experiment v2.0,5,BjTcu3Lg-,Context and Mood Survey,scheduled,1,2021-12-30T10:33:00,2021-12-30T10:04:00,2021-12-30T10:33:00,2021-12-30T10:33:00,,2021-12-30T10:33:00,6102,<no-response>,HOME_OFFICE,2286,<not-shown>,<not-shown>,NEUTRAL,3816,<no-response>,<no-response>
62cc7d568e3d174ffc0fc4f9,621e2f9167b776a240011ccb,s801206794,uk96OixJ-,RAIS Consortium Experiment v2.0,5,BjTcu3Lg-,Context and Mood Survey,scheduled,1,2022-01-11T14:40:00,2022-01-11T10:39:00,,,2022-01-11T14:39:00,,<no-response>,<no-response>,<no-response>,<no-response>,<no-response>,<no-response>,<no-response>,<no-response>,<no-response>,<no-response>
62cc7d568e3d174ffc0fbb7e,621e2f9167b776a240011ccb,s801206794,uk96OixJ-,RAIS Consortium Experiment v2.0,5,BjTcu3Lg-,Context and Mood Survey,scheduled,1,2021-12-27T20:57:00,2021-12-27T20:52:00,2021-12-27T20:57:00,2021-12-27T20:57:00,,2021-12-27T20:57:00,6984,<no-response>,HOME,3956,<not-shown>,<not-shown>,SAD,3028,<no-response>,<no-response>
62cc7d568e3d174ffc0fbee1,621e2f9167b776a240011ccb,s801206794,uk96OixJ-,RAIS Consortium Experiment v2.0,5,BjTcu3Lg-,Context and Mood Survey,scheduled,1,2021-12-07T17:45:00,2021-12-07T15:31:00,2021-12-07T17:45:00,2021-12-07T17:45:00,,2021-12-07T17:45:00,25021,<no-response>,OUTDOORS,16619,<not-shown>,<not-shown>,TENSE/ANXIOUS,8402,<no-response>,<no-response>
62cc7d568e3d174ffc0fbf55,621e2f9167b776a240011ccb,s801206794,uk96OixJ-,RAIS Consortium Experiment v2.0,5,BjTcu3Lg-,Context and Mood Survey,scheduled,1,2022-01-07T23:12:00,2022-01-07T20:58:00,2022-01-07T23:12:00,2022-01-07T23:12:00,,2022-01-07T23:12:00,5063,<no-response>,HOME,2188,<not-shown>,<not-shown>,RESTED/RELAXED,2875,<no-response>,<no-response>
62cc7d568e3d174ffc0fc046,621e2f9167b776a240011ccb,s801206794,uk96OixJ-,RAIS Consortium Experiment v2.0,5,BjTcu3Lg-,Context and Mood Survey,scheduled,1,2021-11-28T19:49:00,2021-11-28T18:45:00,2021-11-28T19:49:00,2021-11-28T19:49:00,,2021-11-28T19:49:00,6680,<no-response>,HOME,2806,<not-shown>,<not-shown>,RESTED/RELAXED,3874,<no-response>,<no-response>
62cc7d568e3d174ffc0fc0c4,621e2f9167b776a240011ccb,s801206794,uk96OixJ-,RAIS Consortium Experiment v2.0,5,BjTcu3Lg-,Context and Mood Survey,scheduled,1,2021-11-16T11:01:00,2021-11-16T10:43:00,2021-11-16T11:01:00,2021-11-16T11:01:00,,2021-11-16T11:01:00,10093,<no-response>,WORK/SCHOOL,4846,<not-shown>,<not-shown>,TENSE/ANXIOUS,5247,<no-response>,<no-response>
62cc7d568e3d174ffc0fc0e2,621e2f9167b776a240011ccb,s801206794,uk96OixJ-,RAIS Consortium Experiment v2.0,5,BjTcu3Lg-,Context and Mood Survey,scheduled,1,2022-01-06T20:47:00,2022-01-06T20:40:00,2022-01-06T20:47:00,2022-01-06T20:47:00,,2022-01-06T20:47:00,4948,<no-response>,TRANSIT,1914,<not-shown>,<not-shown>,NEUTRAL,3034,<no-response>,<no-response>
62cc7d568e3d174ffc0fc136,621e2f9167b776a240011ccb,s801206794,uk96OixJ-,RAIS Consortium Experiment v2.0,5,BjTcu3Lg-,Context and Mood Survey,scheduled,1,2021-12-05T13:29:00,2021-12-05T12:48:00,2021-12-05T13:29:00,2021-12-05T13:29:00,,2021-12-05T13:29:00,13068,<no-response>,HOME,9451,<not-shown>,<not-shown>,NEUTRAL,3617,<no-response>,<no-response>
62cc7d568e3d174ffc0fc611,621e2f9167b776a240011ccb,s801206794,uk96OixJ-,RAIS Consortium Experiment v2.0,5,BjTcu3Lg-,Context and Mood Survey,scheduled,1,2021-12-19T00:10:00,2021-12-18T22:10:00,,,2021-12-19T00:10:00,,<no-response>,<no-response>,<no-response>,<no-response>,<no-response>,<no-response>,<no-response>,<no-response>,<no-response>,<no-response>
62cc7d568e3d174ffc0fc647,621e2f9167b776a240011ccb,s801206794,uk96OixJ-,RAIS Consortium Experiment v2.0,5,BjTcu3Lg-,Context and Mood Survey,scheduled,1,2021-12-10T16:23:00,2021-12-10T15:03:00,2021-12-10T16:23:00,2021-12-10T16:23:00,,2021-12-10T16:23:00,9394,<no-response>,HOME_OFFICE,6369,<not-shown>,<not-shown>,TENSE/ANXIOUS,3025,<no-response>,<no-response>
62cc7d568e3d174ffc0fc670,621e2f9167b776a240011ccb,s801206794,uk96OixJ-,RAIS Consortium Experiment v2.0,5,BjTcu3Lg-,Context and Mood Survey,scheduled,1,2021-12-21T17:45:00,2021-12-21T15:51:00,2021-12-21T17:45:00,2021-12-21T17:45:00,,2021-12-21T17:45:00,12027,<no-response>,HOME,9649,<not-shown>,<not-shown>,TIRED,2378,<no-response>,<no-response>
62cc7d568e3d174ffc0fc6ab,621e2f9167b776a240011ccb,s801206794,uk96OixJ-,RAIS Consortium Experiment v2.0,5,BjTcu3Lg-,Context and Mood Survey,scheduled,1,2022-01-03T11:43:00,2022-01-03T10:36:00,2022-01-03T11:43:00,2022-01-03T11:43:00,,2022-01-03T11:43:00,8103,<no-response>,HOME_OFFICE,2415,<not-shown>,<not-shown>,ALERT,5688,<no-response>,<no-response>
62cc7d568e3d174ffc0fc747,621e2f9167b776a240011ccb,s801206794,uk96OixJ-,RAIS Consortium Experiment v2.0,5,BjTcu3Lg-,Context and Mood Survey,scheduled,1,2021-12-03T10:07:00,2021-12-03T10:02:00,2021-12-03T10:07:00,2021-12-03T10:08:00,,2021-12-03T10:08:00,7611,<no-response>,WORK/SCHOOL,1936,<not-shown>,<not-shown>,ALERT,5675,<no-response>,<no-response>
62cc7d568e3d174ffc0fc79b,621e2f9167b776a240011ccb,s801206794,uk96OixJ-,RAIS Consortium Experiment v2.0,5,BjTcu3Lg-,Context and Mood Survey,scheduled,1,2021-11-23T10:56:00,2021-11-23T10:08:00,2021-11-23T10:56:00,2021-11-23T10:56:00,,2021-11-23T10:56:00,18762,<no-response>,WORK/SCHOOL,11921,<not-shown>,<not-shown>,ALERT,6841,<no-response>,<no-response>
62cc7d568e3d174ffc0fc8ca,621e2f9167b776a240011ccb,s801206794,uk96OixJ-,RAIS Consortium Experiment v2.0,5,BjTcu3Lg-,Context and Mood Survey,scheduled,1,2022-01-03T19:40:00,2022-01-03T15:37:00,,,2022-01-03T19:37:00,,<no-response>,<no-response>,<no-response>,<no-response>,<no-response>,<no-response>,<no-response>,<no-response>,<no-response>,<no-response>
62cc7d568e3d174ffc0fc98c,621e2f9167b776a240011ccb,s801206794,uk96OixJ-,RAIS Consortium Experiment v2.0,5,BjTcu3Lg-,Context and Mood Survey,scheduled,1,2021-11-23T16:20:00,2021-11-23T15:13:00,2021-11-23T16:20:00,2021-11-23T16:20:00,,2021-11-23T16:20:00,4030,<no-response>,HOME,2626,<not-shown>,<not-shown>,SAD,1404,<no-response>,<no-response>
62cc7d568e3d174ffc0fc37d,621e2f9167b776a240011ccb,s801206794,uk96OixJ-,RAIS Consortium Experiment v2.0,5,BjTcu3Lg-,Context and Mood Survey,scheduled,1,2021-12-30T22:53:00,2021-12-30T20:34:00,2021-12-30T22:53:00,2021-12-30T22:53:00,,2021-12-30T22:53:00,3459,<no-response>,HOME,1934,<not-shown>,<not-shown>,TIRED,1525,<no-response>,<no-response>
62cc7d568e3d174ffc0fc250,621e2f9167b776a240011ccb,s801206794,uk96OixJ-,RAIS Consortium Experiment v2.0,5,BjTcu3Lg-,Context and Mood Survey,scheduled,1,2022-01-10T14:15:00,2022-01-10T10:11:00,,,2022-01-10T14:11:00,,<no-response>,<no-response>,<no-response>,<no-response>,<no-response>,<no-response>,<no-response>,<no-response>,<no-response>,<no-response>
62cc7d568e3d174ffc0fc47b,621e2f9167b776a240011ccb,s801206794,uk96OixJ-,RAIS Consortium Experiment v2.0,5,BjTcu3Lg-,Context and Mood Survey,scheduled,1,2021-12-12T20:40:00,2021-12-12T18:38:00,,,2021-12-12T20:38:00,,<no-response>,<no-response>,<no-response>,<no-response>,<no-response>,<no-response>,<no-response>,<no-response>,<no-response>,<no-response>
62cc7d568e3d174ffc0fc4bf,621e2f9167b776a240011ccb,s801206794,uk96OixJ-,RAIS Consortium Experiment v2.0,5,BjTcu3Lg-,Context and Mood Survey,scheduled,1,2022-01-09T19:02:00,2022-01-09T18:35:00,2022-01-09T19:02:00,2022-01-09T19:02:00,,2022-01-09T19:02:00,7183,<no-response>,TRANSIT,4034,<not-shown>,<not-shown>,HAPPY,3149,<no-response>,<no-response>
62cc7d568e3d174ffc0fc4d0,621e2f9167b776a240011ccb,s801206794,uk96OixJ-,RAIS Consortium Experiment v2.0,5,BjTcu3Lg-,Context and Mood Survey,scheduled,1,2021-12-31T10:23:00,2021-12-31T10:19:00,2021-12-31T10:23:00,2021-12-31T10:23:00,,2021-12-31T10:23:00,6150,<no-response>,HOME,2223,<not-shown>,<not-shown>,RESTED/RELAXED,3927,<no-response>,<no-response>
62cc7d568e3d174ffc0fc4e2,621e2f9167b776a240011ccb,s801206794,uk96OixJ-,RAIS Consortium Experiment v2.0,5,BjTcu3Lg-,Context and Mood Survey,scheduled,1,2022-01-04T21:06:00,2022-01-04T20:38:00,2022-01-04T21:06:00,2022-01-04T21:07:00,,2022-01-04T21:07:00,16142,<no-response>,HOME,13186,<not-shown>,<not-shown>,TIRED,2956,<no-response>,<no-response>
62cc7d568e3d174ffc0fc542,621e2f9167b776a240011ccb,s801206794,uk96OixJ-,RAIS Consortium Experiment v2.0,5,BjTcu3Lg-,Context and Mood Survey,scheduled,1,2022-01-14T21:11:00,2022-01-14T20:53:00,2022-01-14T21:11:00,2022-01-14T21:11:00,,2022-01-14T21:11:00,8813,<no-response>,HOME,3167,<not-shown>,<not-shown>,TIRED,5646,<no-response>,<no-response>
62cc7d568e3d174ffc0fc567,621e2f9167b776a240011ccb,s801206794,uk96OixJ-,RAIS Consortium Experiment v2.0,5,BjTcu3Lg-,Context and Mood Survey,scheduled,1,2022-01-02T22:52:00,2022-01-02T22:02:00,2022-01-02T22:52:00,2022-01-02T22:52:00,,2022-01-02T22:52:00,9119,<no-response>,TRANSIT,3950,<not-shown>,<not-shown>,HAPPY,5169,<no-response>,<no-response>
62cc7d568e3d174ffc0fc589,621e2f9167b776a240011ccb,s801206794,uk96OixJ-,RAIS Consortium Experiment v2.0,5,BjTcu3Lg-,Context and Mood Survey,scheduled,1,2021-11-26T15:47:00,2021-11-26T15:25:00,2021-11-26T15:47:00,2021-11-26T15:47:00,,2021-11-26T15:47:00,4929,<no-response>,HOME_OFFICE,2806,<not-shown>,<not-shown>,TIRED,2123,<no-response>,<no-response>
62cc7d568e3d174ffc0fc5ab,621e2f9167b776a240011ccb,s801206794,uk96OixJ-,RAIS Consortium Experiment v2.0,5,BjTcu3Lg-,Context and Mood Survey,scheduled,1,2021-11-29T20:51:00,2021-11-29T20:50:00,2021-11-29T20:51:00,2021-11-29T20:51:00,,2021-11-29T20:51:00,4124,<no-response>,HOME_OFFICE,2190,<not-shown>,<not-shown>,TIRED,1934,<no-response>,<no-response>
62cc7d568e3d174ffc0fc5dd,621e2f9167b776a240011ccb,s801206794,uk96OixJ-,RAIS Consortium Experiment v2.0,5,BjTcu3Lg-,Context and Mood Survey,scheduled,1,2021-12-26T16:40:00,2021-12-26T12:40:00,,,2021-12-26T16:40:00,,<no-response>,<no-response>,<no-response>,<no-response>,<no-response>,<no-response>,<no-response>,<no-response>,<no-response>,<no-response>
62cc7d568e3d174ffc0fc5ee,621e2f9167b776a240011ccb,s801206794,uk96OixJ-,RAIS Consortium Experiment v2.0,5,BjTcu3Lg-,Context and Mood Survey,scheduled,1,2021-12-14T15:18:00,2021-12-14T15:10:00,2021-12-14T15:18:00,2021-12-14T15:18:00,,2021-12-14T15:18:00,6494,<no-response>,TRANSIT,4498,<not-shown>,<not-shown>,TIRED,1996,<no-response>,<no-response>
62cc7d568e3d174ffc0fc9d0,621e2f9167b776a240011ccb,s801206794,uk96OixJ-,RAIS Consortium Experiment v2.0,5,BjTcu3Lg-,Context and Mood Survey,scheduled,1,2022-01-17T11:09:00,2022-01-17T10:11:00,2022-01-17T11:09:00,2022-01-17T11:09:00,,2022-01-17T11:09:00,4810,<no-response>,WORK/SCHOOL,3362,<not-shown>,<not-shown>,TENSE/ANXIOUS,1448,<no-response>,<no-response>
62cc7d568e3d174ffc0fca02,621e2f9167b776a240011ccb,s801206794,uk96OixJ-,RAIS Consortium Experiment v2.0,5,BjTcu3Lg-,Context and Mood Survey,scheduled,1,2022-01-08T18:19:00,2022-01-08T18:18:00,2022-01-08T18:19:00,2022-01-08T18:19:00,,2022-01-08T18:19:00,2990,<no-response>,HOME,1390,<not-shown>,<not-shown>,RESTED/RELAXED,1600,<no-response>,<no-response>
62cc7d568e3d174ffc0fca56,621e2f9167b776a240011ccb,s801206794,uk96OixJ-,RAIS Consortium Experiment v2.0,5,BjTcu3Lg-,Context and Mood Survey,scheduled,1,2021-12-04T22:26:00,2021-12-04T22:15:00,2021-12-04T22:26:00,2021-12-04T22:26:00,,2021-12-04T22:26:00,6324,<no-response>,HOME,2681,<not-shown>,<not-shown>,TIRED,3643,<no-response>,<no-response>
62cc7d568e3d174ffc0fca75,621e2f9167b776a240011ccb,s801206794,uk96OixJ-,RAIS Consortium Experiment v2.0,5,BjTcu3Lg-,Context and Mood Survey,scheduled,1,2021-12-01T20:41:00,2021-12-01T20:37:00,2021-12-01T20:41:00,2021-12-01T20:41:00,,2021-12-01T20:41:00,4796,<no-response>,HOME_OFFICE,2418,<not-shown>,<not-shown>,TIRED,2378,<no-response>,<no-response>
62cc7d568e3d174ffc0fcac0,621e2f9167b776a240011ccb,s801206794,uk96OixJ-,RAIS Consortium Experiment v2.0,5,BjTcu3Lg-,Context and Mood Survey,scheduled,1,2021-12-11T22:22:00,2021-12-11T22:04:00,2021-12-11T22:22:00,2021-12-11T22:22:00,,2021-12-11T22:22:00,4567,<no-response>,HOME,3110,<not-shown>,<not-shown>,TIRED,1457,<no-response>,<no-response>
62cc7d568e3d174ffc0fcacc,621e2f9167b776a240011ccb,s801206794,uk96OixJ-,RAIS Consortium Experiment v2.0,5,BjTcu3Lg-,Context and Mood Survey,scheduled,1,2021-12-08T20:32:00,2021-12-08T20:28:00,2021-12-08T20:32:00,2021-12-08T20:32:00,,2021-12-08T20:32:00,8096,<no-response>,HOME_OFFICE,4621,<not-shown>,<not-shown>,TIRED,3475,<no-response>,<no-response>
62cc7d568e3d174ffc0fc6af,621e2f9167b776a240011ccb,s801206794,uk96OixJ-,RAIS Consortium Experiment v2.0,5,BjTcu3Lg-,Context and Mood Survey,scheduled,1,2021-11-28T13:21:00,2021-11-28T12:48:00,2021-11-28T13:21:00,2021-11-28T13:21:00,,2021-11-28T13:21:00,5312,<no-response>,HOME,2662,<not-shown>,<not-shown>,ALERT,2650,<no-response>,<no-response>
62cc7d568e3d174ffc0fc728,621e2f9167b776a240011ccb,s801206794,uk96OixJ-,RAIS Consortium Experiment v2.0,5,BjTcu3Lg-,Context and Mood Survey,scheduled,1,2022-01-01T12:12:00,2022-01-01T12:11:00,2022-01-01T12:12:00,2022-01-01T12:13:00,,2022-01-01T12:13:00,4226,<no-response>,HOME,2406,<not-shown>,<not-shown>,HAPPY,1820,<no-response>,<no-response>
62cc7d568e3d174ffc0fc737,621e2f9167b776a240011ccb,s801206794,uk96OixJ-,RAIS Consortium Experiment v2.0,5,BjTcu3Lg-,Context and Mood Survey,scheduled,1,2021-12-23T11:06:00,2021-12-23T10:24:00,2021-12-23T11:06:00,2021-12-23T11:06:00,,2021-12-23T11:06:00,4461,<no-response>,HOME,1638,<not-shown>,<not-shown>,RESTED/RELAXED,2823,<no-response>,<no-response>
62cc7d568e3d174ffc0fc76a,621e2f9167b776a240011ccb,s801206794,uk96OixJ-,RAIS Consortium Experiment v2.0,5,BjTcu3Lg-,Context and Mood Survey,scheduled,1,2021-12-09T20:47:00,2021-12-09T20:23:00,2021-12-09T20:47:00,2021-12-09T20:47:00,,2021-12-09T20:47:00,3641,<no-response>,HOME,2227,<not-shown>,<not-shown>,TIRED,1414,<no-response>,<no-response>
62cc7d568e3d174ffc0fc83c,621e2f9167b776a240011ccb,s801206794,uk96OixJ-,RAIS Consortium Experiment v2.0,5,BjTcu3Lg-,Context and Mood Survey,scheduled,1,2021-11-30T10:37:00,2021-11-30T10:21:00,2021-11-30T10:37:00,2021-11-30T10:37:00,,2021-11-30T10:37:00,8087,<no-response>,HOME_OFFICE,1938,<not-shown>,<not-shown>,NEUTRAL,6149,<no-response>,<no-response>
62cc7d568e3d174ffc0fc8a5,621e2f9167b776a240011ccb,s801206794,uk96OixJ-,RAIS Consortium Experiment v2.0,5,BjTcu3Lg-,Context and Mood Survey,scheduled,1,2022-01-11T15:55:00,2022-01-11T15:47:00,2022-01-11T15:55:00,2022-01-11T15:55:00,,2022-01-11T15:55:00,3437,<no-response>,HOME,2095,<not-shown>,<not-shown>,TIRED,1342,<no-response>,<no-response>
62cc7d568e3d174ffc0fc8e4,621e2f9167b776a240011ccb,s801206794,uk96OixJ-,RAIS Consortium Experiment v2.0,5,BjTcu3Lg-,Context and Mood Survey,scheduled,1,2021-11-23T20:56:00,2021-11-23T20:53:00,2021-11-23T20:56:00,2021-11-23T20:56:00,,2021-11-23T20:56:00,6795,<no-response>,HOME_OFFICE,4196,<not-shown>,<not-shown>,NEUTRAL,2599,<no-response>,<no-response>
62cc7d568e3d174ffc0fc917,621e2f9167b776a240011ccb,s801206794,uk96OixJ-,RAIS Consortium Experiment v2.0,5,BjTcu3Lg-,Context and Mood Survey,scheduled,1,2021-12-07T11:01:00,2021-12-07T10:57:00,2021-12-07T11:01:00,2021-12-07T11:01:00,,2021-12-07T11:01:00,8383,<no-response>,WORK/SCHOOL,3371,<not-shown>,<not-shown>,NEUTRAL,5012,<no-response>,<no-response>
62cc7d568e3d174ffc0fc232,621e2f9167b776a240011ccb,s801206794,uk96OixJ-,RAIS Consortium Experiment v2.0,5,BjTcu3Lg-,Context and Mood Survey,scheduled,1,2021-12-02T16:06:00,2021-12-02T15:43:00,2021-12-02T16:06:00,2021-12-02T16:06:00,,2021-12-02T16:06:00,9370,<no-response>,HOME_OFFICE,7262,<not-shown>,<not-shown>,ALERT,2108,<no-response>,<no-response>
62cc7d568e3d174ffc0fc2d5,621e2f9167b776a240011ccb,s801206794,uk96OixJ-,RAIS Consortium Experiment v2.0,5,BjTcu3Lg-,Context and Mood Survey,scheduled,1,2021-12-19T18:58:00,2021-12-19T18:30:00,2021-12-19T18:58:00,2021-12-19T18:58:00,,2021-12-19T18:58:00,7957,<no-response>,HOME,2293,<not-shown>,<not-shown>,NEUTRAL,5664,<no-response>,<no-response>
62cc7d568e3d174ffc0fc42e,621e2f9167b776a240011ccb,s801206794,uk96OixJ-,RAIS Consortium Experiment v2.0,5,BjTcu3Lg-,Context and Mood Survey,scheduled,1,2021-12-23T16:27:00,2021-12-23T15:36:00,2021-12-23T16:27:00,2021-12-23T16:27:00,,2021-12-23T16:27:00,15602,<no-response>,ENTERTAINMENT,4099,<not-shown>,<not-shown>,RESTED/RELAXED,11503,<no-response>,<no-response>
62cc7d568e3d174ffc0fc44f,621e2f9167b776a240011ccb,s801206794,uk96OixJ-,RAIS Consortium Experiment v2.0,5,BjTcu3Lg-,Context and Mood Survey,scheduled,1,2021-12-28T14:25:00,2021-12-28T10:25:00,,,2021-12-28T14:25:00,,<no-response>,<no-response>,<no-response>,<no-response>,<no-response>,<no-response>,<no-response>,<no-response>,<no-response>,<no-response>
62cc7d568e3d174ffc0fc02f,621e2f9167b776a240011ccb,s801206794,uk96OixJ-,RAIS Consortium Experiment v2.0,5,BjTcu3Lg-,Context and Mood Survey,scheduled,1,2021-12-01T16:09:00,2021-12-01T15:21:00,2021-12-01T16:09:00,2021-12-01T16:09:00,,2021-12-01T16:09:00,5747,<no-response>,HOME_OFFICE,3795,<not-shown>,<not-shown>,SAD,1952,<no-response>,<no-response>
62cc7d568e3d174ffc0fc1a3,621e2f9167b776a240011ccb,s801206794,uk96OixJ-,RAIS Consortium Experiment v2.0,5,BjTcu3Lg-,Context and Mood Survey,scheduled,1,2021-11-19T15:50:00,2021-11-19T15:50:00,2021-11-19T15:50:00,2021-11-19T15:50:00,,2021-11-19T15:50:00,5646,<no-response>,HOME,3266,<not-shown>,<not-shown>,TIRED,2380,<no-response>,<no-response>
62cc7d568e3d174ffc0fc27a,621e2f9167b776a240011ccb,s801206794,uk96OixJ-,RAIS Consortium Experiment v2.0,5,BjTcu3Lg-,Context and Mood Survey,scheduled,1,2022-01-05T11:07:00,2022-01-05T10:26:00,2022-01-05T11:07:00,2022-01-05T11:08:00,,2022-01-05T11:08:00,3528,<no-response>,HOME_OFFICE,2108,<not-shown>,<not-shown>,TENSE/ANXIOUS,1420,<no-response>,<no-response>
62cc7d568e3d174ffc0fc3a6,621e2f9167b776a240011ccb,s801206794,uk96OixJ-,RAIS Consortium Experiment v2.0,5,BjTcu3Lg-,Context and Mood Survey,scheduled,1,2021-12-15T11:37:00,2021-12-15T10:21:00,2021-12-15T11:37:00,,,2021-12-15T11:37:00,7518,<no-response>,TRANSIT,7518,<not-shown>,<not-shown>,<no-response>,<no-response>,<no-response>,<no-response>
62cc7d568e3d174ffc0fc3f7,621e2f9167b776a240011ccb,s801206794,uk96OixJ-,RAIS Consortium Experiment v2.0,5,BjTcu3Lg-,Context and Mood Survey,scheduled,1,2022-01-10T15:41:00,2022-01-10T15:22:00,2022-01-10T15:41:00,2022-01-10T15:41:00,,2022-01-10T15:41:00,3256,<no-response>,HOME,1930,<not-shown>,<not-shown>,TIRED,1326,<no-response>,<no-response>
62cc7d568e3d174ffc0fc464,621e2f9167b776a240011ccb,s801206794,uk96OixJ-,RAIS Consortium Experiment v2.0,5,BjTcu3Lg-,Context and Mood Survey,scheduled,1,2021-11-28T23:55:00,2021-11-28T21:55:00,,,2021-11-28T23:55:00,,<no-response>,<no-response>,<no-response>,<no-response>,<no-response>,<no-response>,<no-response>,<no-response>,<no-response>,<no-response>
62cc7d568e3d174ffc0fc51f,621e2f9167b776a240011ccb,s801206794,uk96OixJ-,RAIS Consortium Experiment v2.0,5,BjTcu3Lg-,Context and Mood Survey,scheduled,1,2021-12-16T23:05:00,2021-12-16T20:45:00,2021-12-16T23:05:00,2021-12-16T23:05:00,,2021-12-16T23:05:00,3857,<no-response>,HOME,1786,<not-shown>,<not-shown>,SAD,2071,<no-response>,<no-response>
62cc7d568e3d174ffc0fc549,621e2f9167b776a240011ccb,s801206794,uk96OixJ-,RAIS Consortium Experiment v2.0,5,BjTcu3Lg-,Context and Mood Survey,scheduled,1,2021-11-21T21:41:00,2021-11-21T21:39:00,2021-11-21T21:41:00,2021-11-21T21:41:00,,2021-11-21T21:41:00,10183,<no-response>,OUTDOORS,3653,<not-shown>,<not-shown>,TIRED,6530,<no-response>,<no-response>
62cc7d568e3d174ffc0fc562,621e2f9167b776a240011ccb,s801206794,uk96OixJ-,RAIS Consortium Experiment v2.0,5,BjTcu3Lg-,Context and Mood Survey,scheduled,1,2022-01-09T15:41:00,2022-01-09T13:00:00,2022-01-09T15:41:00,2022-01-09T15:43:00,,2022-01-09T15:43:00,70648,<no-response>,HOME,69143,<not-shown>,<not-shown>,HAPPY,1505,<no-response>,<no-response>
62cc7d568e3d174ffc0fc568,621e2f9167b776a240011ccb,s801206794,uk96OixJ-,RAIS Consortium Experiment v2.0,5,BjTcu3Lg-,Context and Mood Survey,scheduled,1,2021-12-24T21:16:00,2021-12-24T20:46:00,2021-12-24T21:16:00,2021-12-24T21:16:00,,2021-12-24T21:16:00,9391,<no-response>,HOME,2950,<not-shown>,<not-shown>,TENSE/ANXIOUS,6441,<no-response>,<no-response>
62cc7d568e3d174ffc0fc5a2,621e2f9167b776a240011ccb,s801206794,uk96OixJ-,RAIS Consortium Experiment v2.0,5,BjTcu3Lg-,Context and Mood Survey,scheduled,1,2022-01-08T21:48:00,2022-01-08T21:38:00,2022-01-08T21:48:00,2022-01-08T21:48:00,,2022-01-08T21:48:00,27127,<no-response>,HOME,18418,<not-shown>,<not-shown>,HAPPY,8709,<no-response>,<no-response>
62cc7d568e3d174ffc0fc629,621e2f9167b776a240011ccb,s801206794,uk96OixJ-,RAIS Consortium Experiment v2.0,5,BjTcu3Lg-,Context and Mood Survey,scheduled,1,2021-11-17T15:16:00,2021-11-17T15:15:00,2021-11-17T15:16:00,2021-11-17T15:17:00,,2021-11-17T15:17:00,21143,<no-response>,HOME_OFFICE,11133,<not-shown>,<not-shown>,TIRED,10010,<no-response>,<no-response>
62cc7d568e3d174ffc0fc69c,621e2f9167b776a240011ccb,s801206794,uk96OixJ-,RAIS Consortium Experiment v2.0,5,BjTcu3Lg-,Context and Mood Survey,scheduled,1,2021-12-16T11:35:00,2021-12-16T10:44:00,2021-12-16T11:35:00,2021-12-16T11:35:00,,2021-12-16T11:35:00,3987,<no-response>,WORK/SCHOOL,2189,<not-shown>,<not-shown>,TIRED,1798,<no-response>,<no-response>
62cc7d568e3d174ffc0fc757,621e2f9167b776a240011ccb,s801206794,uk96OixJ-,RAIS Consortium Experiment v2.0,5,BjTcu3Lg-,Context and Mood Survey,scheduled,1,2022-01-01T19:09:00,2022-01-01T18:40:00,2022-01-01T19:09:00,2022-01-01T19:09:00,,2022-01-01T19:09:00,3302,<no-response>,HOME,2176,<not-shown>,<not-shown>,RESTED/RELAXED,1126,<no-response>,<no-response>
62cc7d568e3d174ffc0fc80e,621e2f9167b776a240011ccb,s801206794,uk96OixJ-,RAIS Consortium Experiment v2.0,5,BjTcu3Lg-,Context and Mood Survey,scheduled,1,2021-12-26T20:20:00,2021-12-26T18:17:00,,,2021-12-26T20:17:00,,<no-response>,<no-response>,<no-response>,<no-response>,<no-response>,<no-response>,<no-response>,<no-response>,<no-response>,<no-response>
62cc7d568e3d174ffc0fc862,621e2f9167b776a240011ccb,s801206794,uk96OixJ-,RAIS Consortium Experiment v2.0,5,BjTcu3Lg-,Context and Mood Survey,scheduled,1,2021-12-28T15:44:00,2021-12-28T15:23:00,2021-12-28T15:44:00,2021-12-28T15:44:00,,2021-12-28T15:44:00,5337,<no-response>,OUTDOORS,3206,<not-shown>,<not-shown>,HAPPY,2131,<no-response>,<no-response>
62cc7d568e3d174ffc0fc87d,621e2f9167b776a240011ccb,s801206794,uk96OixJ-,RAIS Consortium Experiment v2.0,5,BjTcu3Lg-,Context and Mood Survey,scheduled,1,2021-12-17T10:44:00,2021-12-17T10:31:00,2021-12-17T10:44:00,2021-12-17T10:44:00,,2021-12-17T10:44:00,4111,<no-response>,WORK/SCHOOL,2173,<not-shown>,<not-shown>,TENSE/ANXIOUS,1938,<no-response>,<no-response>
62cc7d568e3d174ffc0fc8ce,621e2f9167b776a240011ccb,s801206794,uk96OixJ-,RAIS Consortium Experiment v2.0,5,BjTcu3Lg-,Context and Mood Survey,scheduled,1,2021-11-30T22:13:00,2021-11-30T20:46:00,2021-11-30T22:13:00,2021-11-30T22:13:00,,2021-11-30T22:13:00,6557,<no-response>,HOME,3558,<not-shown>,<not-shown>,TIRED,2999,<no-response>,<no-response>
62cc7d568e3d174ffc0fc941,621e2f9167b776a240011ccb,s801206794,uk96OixJ-,RAIS Consortium Experiment v2.0,5,BjTcu3Lg-,Context and Mood Survey,scheduled,1,2021-11-21T19:34:00,2021-11-21T18:43:00,2021-11-21T19:34:00,2021-11-21T19:34:00,,2021-11-21T19:34:00,4834,<no-response>,HOME,1695,<not-shown>,<not-shown>,ALERT,3139,<no-response>,<no-response>
62cc7d568e3d174ffc0fc957,621e2f9167b776a240011ccb,s801206794,uk96OixJ-,RAIS Consortium Experiment v2.0,5,BjTcu3Lg-,Context and Mood Survey,scheduled,1,2022-01-05T15:40:00,2022-01-05T15:32:00,2022-01-05T15:40:00,2022-01-05T15:40:00,,2022-01-05T15:40:00,3801,<no-response>,HOME_OFFICE,1746,<not-shown>,<not-shown>,RESTED/RELAXED,2055,<no-response>,<no-response>
62cc7d568e3d174ffc0fc975,621e2f9167b776a240011ccb,s801206794,uk96OixJ-,RAIS Consortium Experiment v2.0,5,BjTcu3Lg-,Context and Mood Survey,scheduled,1,2022-01-08T13:49:00,2022-01-08T12:43:00,2022-01-08T13:49:00,2022-01-08T13:49:00,,2022-01-08T13:49:00,7398,<no-response>,OUTDOORS,3967,<not-shown>,<not-shown>,ALERT,3431,<no-response>,<no-response>
62cc7d568e3d174ffc0fc9bf,621e2f9167b776a240011ccb,s801206794,uk96OixJ-,RAIS Consortium Experiment v2.0,5,BjTcu3Lg-,Context and Mood Survey,scheduled,1,2021-12-11T18:57:00,2021-12-11T18:57:00,2021-12-11T18:57:00,2021-12-11T18:57:00,,2021-12-11T18:57:00,5651,<no-response>,HOME,2072,<not-shown>,<not-shown>,TENSE/ANXIOUS,3579,<no-response>,<no-response>
62cc7d568e3d174ffc0fc9fd,621e2f9167b776a240011ccb,s801206794,uk96OixJ-,RAIS Consortium Experiment v2.0,5,BjTcu3Lg-,Context and Mood Survey,scheduled,1,2022-01-03T22:21:00,2022-01-03T20:59:00,2022-01-03T22:21:00,2022-01-03T22:21:00,,2022-01-03T22:21:00,3466,<no-response>,HOME,2246,<not-shown>,<not-shown>,TIRED,1220,<no-response>,<no-response>
62cc7d568e3d174ffc0fca17,621e2f9167b776a240011ccb,s801206794,uk96OixJ-,RAIS Consortium Experiment v2.0,5,BjTcu3Lg-,Context and Mood Survey,scheduled,1,2021-11-16T15:17:00,2021-11-16T15:09:00,2021-11-16T15:17:00,2021-11-16T15:17:00,,2021-11-16T15:17:00,5917,<no-response>,TRANSIT,3534,<not-shown>,<not-shown>,TENSE/ANXIOUS,2383,<no-response>,<no-response>
62cc7d568e3d174ffc0fca7d,621e2f9167b776a240011ccb,s801206794,uk96OixJ-,RAIS Consortium Experiment v2.0,5,BjTcu3Lg-,Context and Mood Survey,scheduled,1,2022-01-06T17:47:00,2022-01-06T15:41:00,2022-01-06T17:47:00,2022-01-06T17:48:00,,2022-01-06T17:48:00,4377,<no-response>,HOME,2992,<not-shown>,<not-shown>,RESTED/RELAXED,1385,<no-response>,<no-response>
62cc7d568e3d174ffc0fcae3,621e2f9167b776a240011ccb,s801206794,uk96OixJ-,RAIS Consortium Experiment v2.0,5,BjTcu3Lg-,Context and Mood Survey,scheduled,1,2021-11-30T15:14:00,2021-11-30T15:06:00,2021-11-30T15:14:00,2021-11-30T15:14:00,,2021-11-30T15:14:00,8350,<no-response>,TRANSIT,2598,<not-shown>,<not-shown>,NEUTRAL,5752,<no-response>,<no-response>
